{
  "Disabled": true,
  "Testing": false,
  "ScheduledForDeletion": false,
  "InstalledFromUrl": "https://raw.githubusercontent.com/LeonBlade/DalamudPlugins/main/repo.json",
  "IsThirdParty": true,
  "EffectiveVersion": "1.5.7",
  "IsAvailableForTesting": false,
  "Author": "LeonBlade",
  "Name": "Burning Down the House",
  "Punchline": null,
  "Description": "Move around housing items with coordinates and allows you to place anywhere.",
  "Changelog": null,
  "Tags": [
    "bdth",
    "housing",
    "float",
    "place",
    "glitch",
    "furnishing",
    "LeonBlade"
  ],
  "CategoryTags": null,
  "IsHide": false,
  "InternalName": "BDTHPlugin",
  "AssemblyVersion": "1.5.7",
  "TestingAssemblyVersion": null,
  "IsTestingExclusive": false,
  "RepoUrl": "https://github.com/LeonBlade/BDTHPlugin",
  "ApplicableVersion": "any",
  "DalamudApiLevel": 8,
  "DownloadCount": 123,
  "LastUpdate": 0,
  "DownloadLinkInstall": "https://github.com/LeonBlade/BDTHPlugin/releases/download/1.5.7/BDTHPlugin.zip",
  "DownloadLinkUpdate": "https://github.com/LeonBlade/BDTHPlugin/releases/download/1.5.7/BDTHPlugin.zip",
  "DownloadLinkTesting": "https://github.com/LeonBlade/BDTHPlugin/releases/download/1.5.7/BDTHPlugin.zip",
  "LoadRequiredState": 0,
  "LoadSync": false,
  "LoadPriority": 0,
  "CanUnloadAsync": false,
  "ImageUrls": null,
  "IconUrl": "https://github.com/LeonBlade/BDTHPlugin/raw/main/icon.png",
  "AcceptsFeedback": true,
  "FeedbackMessage": null,
  "_isDip17Plugin": true,
  "_Dip17Channel": "stable"
}